Na,,O2,,SiO,,K,,O,,SiO2,,Mg,,MgO,,KO,,CrO,,Fe,,FeO,,NaO,
X,Y,X,Y,X,Y,X,Y,X,Y,X,Y,X,Y,X,Y,X,Y,X,Y,X,Y,X,Y,X,Y
1510.37768617446,-0.120708766933325,1510.37768617446,-0.702466636779682,1623.97127808411,-3.95402707085232,1512.06055420275,-1.4223478793127,1512.06055420275,-2.40642531499436,1845.60499741004,-3.96871946949269,1686.14390246264,-3.96536695670852,2131.35598861386,-3.96586944106024,2231.48663629718,-3.98462334716116,1850.31702788926,-3.96411823557335,1510.16732767093,-3.4086791975037,1508.2741011391,-3.75571765446214,1627.67358774635,-3.9719541092001
1528.88923448566,-0.120742858182517,1528.88923448566,-0.702500728028874,1640.79995836702,-3.86679438242009,1530.57210251395,-1.41978483721437,1530.57210251395,-2.37151615756772,1872.19431225704,-3.88150475644639,1701.98423168132,-3.9036008446499,2147.94425917845,-3.91258455292721,2253.4574133332,-3.95371463660594,1864.62140612973,-3.90635836182885,1524.68206441494,-3.35384148617573,1527.95430780328,-3.6834309484673,1647.36314367735,-3.91978798960711
1547.40078279687,-0.120068640336928,1547.40078279687,-0.70347923140444,1657.62863864993,-3.78034083399211,1549.08365082516,-1.418402310274,1549.08365082516,-2.33731530923586,1886.85930507501,-3.82973750446894,1717.16009515073,-3.84180774368567,2164.84506237686,-3.85529323462453,2269.91212294316,-3.92993788425288,1878.9257843702,-3.84307957972086,1542.68875231765,-3.28927095564381,1549.08365082516,-3.6084940313352,1669.87617818916,-3.85712310825161
1565.91233110807,-0.120811040680901,1565.91233110807,-0.705166043874786,1674.45731893284,-3.69674413224642,1567.59519913636,-1.41560316514407,1567.59519913636,-2.30382276999877,1902.06521975921,-3.77689529342038,1732.03544647223,-3.78604314884883,2183.52489749089,-3.7978660604801,2287.86271524493,-3.9047210348885,1894.28195512836,-3.78239986796319,1559.55482966786,-3.2338965051458,1566.63356026305,-3.5493994066985,1684.8350051073,-3.81848222689483
1584.42387941927,-0.120845131930092,1584.42387941927,-0.705200135123978,1691.28599921575,-3.61314743050072,1586.10674744756,-1.4139845351721,1586.10674744756,-2.27127464288806,1920.43652906805,-3.71358792976003,1748.41001950941,-3.72163966297826,2201.86815899926,-3.7397889831579,2311.00215063393,-3.8727684089603,1911.74171092188,-3.71094592681887,1575.26159793191,-3.17678849740858,1583.30196740041,-3.49336500274535,1704.65545077384,-3.76715320242971
1602.93542773047,-0.120879223179284,1602.93542773047,-0.705470329404764,1708.11467949866,-3.53214786210256,1604.61829575876,-1.41118539004217,1604.61829575876,-2.23872651577735,1939.13506271573,-3.65359972800017,1764.91147545349,-3.66204419929622,2221.48292079567,-3.6798024687427,2328.25154792392,-3.84933743704153,1927.24813775399,-3.65172274154575,1591.63617096909,-3.12574169732531,1602.93542773047,-3.42962710793044,1727.46766182401,-3.70916633543647
1621.44697604167,-0.120913314428476,1621.44697604167,-0.706921038843516,1725.78479379572,-3.44803328328959,1623.12984406996,-1.40909455400702,1623.12984406996,-2.20735890382461,1955.37607479828,-3.60205798988209,1781.31943872932,-3.60113032150975,2239.05954242449,-3.62720681662769,2345.08022820683,-3.82705669260067,1944.55763747356,-3.5844315260688,1607.98403181534,-3.07217641571131,1621.63396137815,-3.37194746914617,1750.27987287418,-3.65354049875915
1639.95852435287,-0.120947405677668,1639.95852435287,-0.707899542219082,1744.29634210692,-3.36283418013354,1641.64139238116,-1.40723982100347,1641.64139238116,-2.17669960096665,1974.68097517997,-3.54172874280727,1804.45887411832,-3.51895005481881,2259.06697342751,-3.56877209110942,2363.59177651803,-3.80414943928003,1963.63014179419,-3.51195678601677,1628.68330856332,-3.00686121678124,1637.07360773295,-3.32506260550644,1769.87593613694,-3.60653961664599
1658.47007266408,-0.12098149692686,1658.47007266408,-0.707933633468274,1762.80789041812,-3.27905169516704,1660.15294069237,-1.40444067587354,1660.15294069237,-2.14698471023506,1994.29573697638,-3.48257908247072,1824.88702212841,-3.44908150311323,2277.76550707519,-3.51689993106059,2386.73121190703,-3.77421680595546,1981.01977808653,-3.4516776033926,1646.68999646604,-2.95086122629617,1656.78720463578,-3.26563467551607,1785.43311613181,-3.57078554094805
1676.98162097528,-0.121015588176052,1676.98162097528,-0.707967724717466,1782.16087274347,-3.1931851830237,1678.66448900357,-1.40258594286998,1678.66448900357,-2.11679761344029,2015.0511093253,-3.41711183156044,1842.65062909371,-3.38966872031701,2297.7729380782,-3.46062948333192,2399.94172592912,-3.75989197296547,1999.25084839302,-3.3846474236671,1662.84552953763,-2.90537621674366,1675.71946995406,-3.21225123066835,1806.56245915369,-3.52234463069478
1695.49316928648,-0.122702400646398,1695.49316928648,-0.708001815966658,1802.35528908296,-3.10556912299828,1697.17603731477,-1.39978679774005,1697.17603731477,-2.08849934089826,2032.48749195176,-3.36776233786279,1859.15208503778,-3.3359528779634,2316.47147172588,-3.41113802885166,2422.49215750822,-3.73216778579,2018.60383071836,-3.31682705323855,1682.53508546864,-2.84879497045987,1692.36784294822,-3.16488420706306,1827.69180217557,-3.4750580019293
1714.00471759768,-0.123444800990371,1714.00471759768,-0.70803590721585,1822.54970542245,-3.02055019632039,1715.68758562597,-1.39864037383128,1715.68758562597,-2.05972886229305,2051.3262646018,-3.31213902124568,1876.68196033248,-3.27863179991873,2336.10493205594,-3.35796902390933,2439.32083779113,-3.71281209557388,2035.19210128295,-3.25975439789867,1700.54177337135,-2.79740489166666,1712.32184956939,-3.11203387569628,1844.78760436773,-3.43749288888035
1732.51626590888,-0.123714995271156,1732.51626590888,-0.710431028780977,1842.74412176195,-2.93682983631627,1734.19913393717,-1.39631343476453,1734.19913393717,-2.03190279581421,2070.95972493186,-3.25878965982089,1895.75446465312,-3.21979856835877,2355.73839238601,-3.30779393657595,2460.77740515184,-3.68767384547847,2051.41975727004,-3.20606072469577,1716.86559324578,-2.7530239737073,1733.7784169301,-3.05425766069185,1861.88674558376,-3.40218481453264
1751.02781422008,-0.123749086520348,1751.02781422008,-0.710701223061762,1862.93853810144,-2.85527375410175,1752.71068224837,-1.3937503926662,1752.71068224837,-2.00572945055652,2087.36101015997,-3.21236003488249,1912.86362294074,-3.16745455442908,2378.56930196982,-3.25159361695737,2475.50250039939,-3.67146888009554,2070.60445279256,-3.14376485528607,1736.55514917678,-2.70111756744905,1751.02781422008,-3.01143672730347,1883.60041778212,-3.35771282300631
1769.53936253129,-0.126380311117068,1769.53936253129,-0.711679726437328,1883.97438845508,-2.7722708201995,1771.22223055958,-1.39307617482061,1771.22223055958,-1.97884779620406,2105.55201218007,-3.16160515034425,1930.9264064444,-3.11130316780555,2397.81009309328,-3.20600607539025,2497.37978476717,-3.64839468296068,2088.02213688537,-3.08802349341419,1756.41299191061,-2.64739347776799,1768.23046517595,-2.96821892356464,1901.7647076113,-3.32146885654942
1788.05091084249,-0.12641440236626,1788.05091084249,-0.713366538907674,1905.85167282286,-2.68900306324845,1789.73377887078,-1.39074923575387,1789.73377887078,-1.95196614185159,2124.06356049127,-3.11431370059403,1949.79322689491,-3.05829867896727,2418.56546544221,-3.1552559134493,2521.36065417032,-3.62350636648813,2105.55201218007,-3.03145991259588,1773.84002527025,-2.60520772633614,1789.35980819782,-2.91746945033579,1917.6317490209,-3.28963681673173
1806.56245915369,-0.126448493615452,1806.56245915369,-0.713400630156866,1932.77756127552,-2.58530050294438,1808.24532718198,-1.38865839971872,1808.24532718198,-1.92697331175187,2143.55678181897,-3.06215443368648,1970.92256991678,-2.9971606723483,2435.95510173455,-3.11690807909314,2538.6100514603,-3.60748312718561,2124.96109010636,-2.97375272532741,1791.79061757202,-2.55964666574945,1808.00491746365,-2.8753312889104,1936.98473134625,-3.25129981237343
1825.07400746489,-0.126482584864644,1825.07400746489,-0.713434721406058,1957.17914768574,-2.49827963775875,1826.75687549318,-1.38822028490472,1826.75687549318,-1.90198048165215,2163.49876795422,-3.01278069732274,1990.33164784307,-2.94389746880783,2455.58856206461,-3.07192725845482,2557.1215997715,-3.58929006439578,2143.32305014838,-2.9207184496906,1812.9199605939,-2.51005147400839,1823.3911394366,-2.83918526715357,1961.59667626,-3.20563559132233
1843.58555577609,-0.126516676113836,1843.58555577609,-0.715829842971185,1980.73930008181,-2.41484374045081,1845.26842380438,-1.38612944886957,1845.26842380438,-1.87769596064722,2186.32967753804,-2.95658037770416,2011.68537326872,-2.88527043765207,2475.29214189585,-3.02932727251859,2573.95028005441,-3.57396911265289,2159.72433537648,-2.8693006797514,1829.64179211311,-2.47244444790849,1843.58555577609,-2.79377262402548,1979.17663691269,-3.17394583819566
1862.09710408729,-0.128675694647369,1862.09710408729,-0.71610003725197,2004.29945247789,-2.33326293839109,1863.77997211558,-1.38380250980283,1863.77997211558,-1.85388364570547,2205.9631378681,-2.90900242371831,2029.82295090697,-2.83855543993365,2492.69179525979,-2.99235016587684,2597.08971544342,-3.55287394696922,2178.30800660318,-2.81776325592272,1847.69923317858,-2.43133581269245,1865.0421231368,-2.74706373862699,1994.08203944898,-3.14688889766819
1880.6086523985,-0.129181991959748,1880.6086523985,-0.71802295275391,2028.70103888811,-2.25131266688397,1882.29152042679,-1.38289218892565,1882.29152042679,-1.83007133076372,2227.27946622645,-2.85822706117534,2050.41003645306,-2.78428440953448,2512.8060750265,-2.95025593444499,2611.81481069096,-3.53969897049175,2197.32441532287,-2.7674138899912,1867.81885538348,-2.38632703034268,1880.6086523985,-2.71506109498217,2016.92096269007,-3.1057478437895
1899.1202007097,-0.131341010493281,1899.1202007097,-0.718765353097882,2053.94405931247,-2.16911659894598,1900.80306873799,-1.38103745592209,1900.80306873799,-1.80696732491675,2250.2786626131,-2.8057758429455,2069.42644517275,-2.73783074362426,2532.06556468361,-2.9122001140213,2634.53352907289,-3.52053776318252,2216.62130204728,-2.71308276946089,1887.09971479333,-2.3449197105255,1899.49417138265,-2.67700458584639,2039.30310746634,-3.06709177633081
1917.6317490209,-0.13184730780566,1917.6317490209,-0.718799444347074,2080.02851375099,-2.08535297921277,1919.31461704919,-1.37894661988694,1919.31461704919,-1.78433552513296,2269.91212294316,-2.76194930379497,2090.40619992545,-2.68630185490631,2551.02120316895,-2.87428801920501,2650.64098020082,-3.50724447021397,2236.25476237734,-2.66319625249946,1903.04689277571,-2.31283531921351,1920.62351440453,-2.63462365340402,2058.99266339735,-3.03570272351804
1936.1432973321,-0.131881399054852,1936.1432973321,-0.718833535596266,2105.27153417535,-2.00696523470894,1937.82616536039,-1.37850850507295,1937.82616536039,-1.76193982838077,2287.38189580828,-2.72446732813583,2110.03966025551,-2.64045532315215,2569.86331484285,-2.83963243808452,2677.44666379431,-3.48588603694915,2257.01013472626,-2.60898324609513,1922.68035310577,-2.27218305415441,1938.94807737925,-2.59829753343176,2074.88641699788,-3.00860637881942
1954.6548456433,-0.133332108493605,1954.6548456433,-0.720520348066613,2132.19742262801,-1.92325962291096,1956.33771367159,-1.37854259632214,1956.33771367159,-1.74001633769177,2309.40342600706,-2.67568177650653,2128.15853936011,-2.59847284509806,2590.21800432789,-2.80091904518184,2701.42753319746,-3.46736069717805,2276.64359505633,-2.56111672173733,1943.80969612765,-2.22807069948035,1955.07556265038,-2.56965055342899,2099.38149607633,-2.96943215254759
1973.1663939545,-0.134782817932358,1973.1663939545,-0.721498851442178,2159.12331108067,-1.84612843265146,1974.8492619828,-1.37645176028699,1974.8492619828,-1.71903725912914,2327.19975540624,-2.63851061539048,2146.02098143183,-2.55910351786731,2609.29050864853,-2.76823750357963,2716.71358445444,-3.4576495982321,2293.54239484041,-2.52157763066226,1960.90549831981,-2.19664801292,1974.8492619828,-2.53285817536172,2115.3687423451,-2.94490687970436
1991.67794226571,-0.137177939497485,1991.67794226571,-0.723185663912525,2184.36633150503,-1.77567921719804,1993.360810294,-1.37601364547299,1993.360810294,-1.69805818056651,2345.71130371744,-2.60121091476895,2164.0784224973,-2.51877814508941,2629.06420798095,-2.73451118571431,2740.55421485523,-3.43974967322768,2312.54477965987,-2.47663171911876,1978.96293938528,-2.16234139361416,1997.66147303296,-2.49250033472746,2135.56315868459,-2.91377846998768
2010.18949057691,-0.137212030746676,2010.18949057691,-0.724164167288091,2209.6093519294,-1.71111745341037,2011.8723586052,-1.37486722156422,2011.8723586052,-1.67707910200388,2364.55341539134,-2.56470023840023,2183.52489749089,-2.4778730365988,2648.41719030629,-2.70013480971099,2755.98050511456,-3.42958630173823,2332.17823998993,-2.43165089848044,1999.71831173421,-2.1242883280389,2016.19973353509,-2.46054438822304,2159.54402808774,-2.87876133345977
2028.70103888811,-0.139134946248616,2028.70103888811,-0.724198258537282,2236.53524038205,-1.64039515696177,2030.3839069164,-1.37348469462385,2030.3839069164,-1.65704443556763,2382.85126617514,-2.5278381528292,2202.03644580209,-2.43992405264039,2668.00390430224,-2.66860849657571,2780.94304753421,-3.41338051459654,2349.94184695523,-2.3921494713486,2018.8141892219,-2.0899475498425,2031.10513607138,-2.43645560009274,2173.7642629268,-2.85827016829209
2047.21258719931,-0.14129396478215,2047.21258719931,-0.724232349786474,2263.46112883471,-1.5722699938607,2048.8954552276,-1.37351878587304,2048.8954552276,-1.63748197519456,2402.11075583225,-2.492668036125,2221.38942812744,-2.40067805161045,2687.26339395935,-2.63834407619461,2805.76535095151,-3.39678096413516,2369.20133661233,-2.35207365832129,2034.17035998005,-2.06432913827646,2054.78549332662,-2.39783902535389,2195.30497368892,-2.82747478218322
2065.72413551051,-0.142744674220902,2065.72413551051,-0.725446956193634,2290.38701728737,-1.5062550016045,2067.4070035388,-1.37355287712223,2067.4070035388,-1.61744730875831,2421.37024548936,-2.4569207786769,2241.16312745986,-2.36208210871851,2706.17562513443,-2.60985166286567,2822.17331422735,-3.38772121466242,2389.5827382883,-2.30795992622302,2054.78549332662,-2.0287863766701,2075.82134368026,-2.36496500280565,2212.13365397183,-2.80426274245107
2084.23568382171,-0.145375898817623,2084.23568382171,-0.727369871695573,2317.31290574003,-1.44299946353005,2085.91855185001,-1.37358696837142,2085.91855185001,-1.59859315748002,2443.43451519362,-2.41656156061842,2260.93682679228,-2.3260832991741,2725.82911960768,-2.57951067245663,2844.89203260927,-3.37524959324833,2408.84222794541,-2.27134695765908,2075.82134368026,-1.99404714017228,2095.34261280844,-2.33558251584098,2235.27308936084,-2.77371689708611
2102.74723213292,-0.14777102038275,2102.74723213292,-0.729528890229107,2342.17345615796,-1.38846117761595,2104.43010016121,-1.37480157477858,2104.43010016121,-1.57997510923333,2462.69400485073,-2.3837000068898,2280.7105261247,-2.28975984796125,2745.6028189401,-2.5513032629548,2861.48030317386,-3.36590347929484,2428.10171760252,-2.23415684835124,2112.62005789889,-1.93303737290219,2110.95121377083,-2.31184749083257,2248.31531658009,-2.75491169915119
2121.25878044412,-0.149221729821502,2121.25878044412,-0.729562981478298,2371.16468264534,-1.3224942582473,2122.94164847241,-1.37625228421734,2122.94164847241,-1.56182926704982,2481.95349450784,-2.35083845316117,2301.74637647833,-2.25311407948331,2768.22804465379,-2.51931361875096,2886.12229930241,-3.35277768424072,2446.89374391844,-2.19721837722872,2131.35598861386,-1.90724985387415,2133.24921514569,-2.27974903011616,2270.19260094788,-2.72729251865815
2139.77032875532,-0.15232516048141,2139.77032875532,-0.72959707272749,2398.090571098,-1.26703012021543,2141.45319678361,-1.37628637546653,2141.45319678361,-1.54368342486631,2500.32480381668,-2.32100525264675,2321.70706114723,-2.21895525041612,2787.04344413677,-2.49391800555086,2910.10316870555,-3.34048546450368,2466.66744325086,-2.16154420935275,2149.86753692507,-1.87707640149868,2148.60538590385,-2.25802631857142,2294.17347035102,-2.69785921882743
2158.28187706652,-0.154248075983349,2158.28187706652,-0.729631163976682,2425.01645955065,-1.21416311553109,2159.96474509481,-1.37632046671572,2159.96474509481,-1.52600978874599,2520.51922015617,-2.28792899291942,2340.99326299526,-2.18733047604671,2806.18606795858,-2.47025441720553,2925.42928824892,-3.33411361079514,2486.44114258328,-2.12716860815055,2168.37908523627,-1.85887339829458,2168.37908523627,-2.23220945226448,2311.42286764101,-2.67681879010355
2176.79342537772,-0.15758760967485,2176.79342537772,-0.729665255225874,2451.94234800331,-1.16259467752052,2178.47629340601,-1.37635455796491,2178.47629340601,-1.50928056475205,2540.29291948859,-2.2579212978017,2360.01568195791,-2.15745209724805,2825.959767291,-2.44431949938279,2949.22985036332,-3.32231856181706,2505.51364690391,-2.0957856332221,2185.58173619213,-1.83115454968432,2184.99740701564,-2.20874780526509,2328.92469513523,-2.65597951383719
2195.30497368892,-0.159982731239977,2195.30497368892,-0.729699346475066,2478.86823645597,-1.11378569369169,2196.98784171722,-1.37851357649845,2196.98784171722,-1.49231523772651,2561.95984535284,-2.22405090214666,2379.78938129033,-2.12794612107246,2845.10239111281,-2.42130519437435,2965.8181209279,-3.31526602017048,2523.88495621275,-2.06652957345157,2207.2954083905,-1.80460999251524,2207.2954083905,-2.18086968623841,2346.76309623512,-2.63569701121948
2213.81652200013,-0.163558367963071,2213.81652200013,-0.730677849850632,2505.79412490862,-1.06643759737085,2215.49939002842,-1.37901987381083,2215.49939002842,-1.47534991070097,2581.73354468526,-2.19551885097639,2399.11899044862,-2.09991825020748,2861.72071289219,-2.40055873223828,2988.77724902816,-3.30517948211899,2543.32208193952,-2.03410120241912,2222.79181815101,-1.78505181702714,2220.88456771895,-2.16544176889673,2369.90253162412,-2.61067007421802
2232.32807031133,-0.166897901654572,2232.32807031133,-0.732364662320979,2532.72001336128,-1.02184895523176,2234.01093833962,-1.38117889234436,2234.01093833962,-1.4593289958018,2601.06315384355,-2.16781562177985,2418.70570444456,-2.0728287065409,2880.863336714,-2.3788429939036,,,2562.80127936698,-2.00394540054587,2241.58384446693,-1.76240479357533,2241.58384446693,-2.14002798230596,2383.11304564621,-2.59582581455853
2250.83961862253,-0.170237435346073,2250.83961862253,-0.73239875357017,2559.64590181394,-0.978883521434874,2252.52248665082,-1.38286570481471,2252.52248665082,-1.44283587483945,2620.64986783949,-2.14105071978171,2434.69295071333,-2.05013323219251,2900.00596053581,-2.35810118057424,,,2582.57497869941,-1.9754133493756,2263.88184584179,-1.73524088621922,2263.88184584179,-2.11214986327928,2407.3463452536,-2.569804668415
2269.35116693373,-0.174757484195541,2269.35116693373,-0.732432844819362,2586.5717902666,-0.939002183488177,2271.03403496202,-1.38431641425346,2271.03403496202,-1.42705106297188,2642.94786921435,-2.11078205756015,2453.83557453514,-2.0258203605103,2920.41073537884,-2.33443991663227,,,2603.30697788127,-1.94706341951257,2281.13124313177,-1.71629587190074,2281.13124313177,-2.0947690315451,2423.96466703297,-2.55168485250542
2287.86271524493,-0.179041430013416,2287.86271524493,-0.732466936068554,2613.49767871925,-0.899932449712583,2289.54558327322,-1.3860032267238,2289.54558327322,-1.41126625110431,2662.39434420793,-2.08539744418804,2473.16518369343,-2.00165211837011,2939.55335920065,-2.31499666997668,,,2622.12237736425,-1.92159566371948,2299.36231343826,-1.69645744145673,2298.38064042175,-2.07520424676868,2446.26266840783,-2.53029956684756
2306.37426355613,-0.183561478862884,2306.37426355613,-0.732501027317746,2640.42356717191,-0.863946811787178,2303.8499615137,-1.38740683764611,2308.05713158443,-1.39642585136311,2682.61547273835,-2.06032906147599,2492.75189768937,-1.97849434602132,2956.80275649063,-2.2974977867267,,,2641.89607669666,-1.8953361042283,2317.31290574003,-1.67761799731239,2316.47147172588,-2.05705762978405,2459.85182773628,-2.51597543117858
2324.88581186734,-0.188317630743946,2324.88581186734,-0.732535118566938,2667.34945562457,-0.829097419701318,2329.93441595221,-1.39410511070531,2326.56867989563,-1.38087714252713,2702.90004272222,-2.03601829282538,2509.44033896992,-1.96218478248747,2975.94538031244,-2.27772989840266,,,2657.88332296543,-1.87588704656432,2338.90971210309,-1.65627470587513,2342.43572130523,-2.03150513165598,2480.55110448426,-2.49627533795237
2343.39736017854,-0.193545988688194,2343.39736017854,-0.73256920981613,2694.27534407722,-0.797007481797206,2348.44596426341,-1.39579192317566,2345.08022820683,-1.36580063975434,2722.04266654403,-2.01397791282226,2527.3558715211,-1.94098649115111,2992.14298508474,-2.26304263927638,,,2677.02594678724,-1.85352202489276,2354.93702665825,-1.64195815218852,2356.18715719355,-2.01921262413568,2507.35678807775,-2.47295050372442
2361.90890848974,-0.198774346632443,2361.90890848974,-0.732603301065322,2721.20123252988,-0.765891468898417,2366.95751257461,-1.39936755989875,2363.59177651803,-1.3523768582027,2741.99667316519,-1.99105785683553,2544.78056756403,-1.92439223463595,,,,,2696.16857060905,-1.83115700322119,2378.73758877265,-1.61920117674359,2378.73758877265,-1.99720213032477,2523.46423920568,-2.45834177957985
2380.42045680094,-0.204002704576691,2380.42045680094,-0.732637392314514,2748.12712098254,-0.737697231015598,2385.46906088581,-1.40341540268503,2382.10332482923,-1.33942528271425,2758.43468765582,-1.97314008289539,2563.85307188467,-1.90383392786431,,,,,2715.49817976734,-1.81048767684088,2395.98698606263,-1.60497822305697,2394.84503990058,-1.98299815423437,2548.28654262297,-2.43699065560765
2398.93200511214,-0.210411577678908,2398.93200511214,-0.732671483563706,2776.06273025217,-0.709472388488617,2403.98060919702,-1.40817155456609,2400.61487314043,-1.32505708903624,2777.57731147763,-1.95239826956604,2584.2578467277,-1.88667727697316,,,,,2736.22683992534,-1.78698675368582,2420.80928947993,-1.58504371727434,2420.80928947993,-1.96091974357117,2561.83363025072,-2.4268218558146
2417.44355342334,-0.216820450781124,2417.44355342334,-0.732705574812897,2801.97889788785,-0.684879813602811,2422.49215750822,-1.41269160341556,2419.12642145164,-1.31139720445301,2796.71993529944,-1.93327966457888,2600.03473449292,-1.87033140625892,,,,,2754.22751758509,-1.77023129210856,2445.63159289722,-1.56741121604974,2446.77353905927,-1.94042659612011,2586.5717902666,-2.40712920067913
2435.95510173455,-0.223465426914933,2435.95510173455,-0.732031356967309,2828.90478634051,-0.661068238243945,2441.00370581942,-1.41768385832822,2437.63796976284,-1.29820952593297,2815.86255912125,-1.91416105959173,2621.07058484656,-1.85490062474564,,,,,2771.47691487508,-1.75403097553235,2460.35668814477,-1.55650873125135,2460.35668814477,-1.9296302221796,2610.55265966974,-2.3887337175754
2454.46665004575,-0.230110403048743,2454.46665004575,-0.730176623963753,2855.83067479317,-0.638230587890404,2459.51525413062,-1.42267611324087,2456.14951807404,-1.28502184741292,2835.00518294306,-1.8960163796099,2638.74069914362,-1.83611565289627,,,,,2790.61953869689,-1.7365355788874,2483.0754065267,-1.54195153305819,2484.75827455499,-1.91310859792763,2627.80205695973,-2.37660617829417
2472.97819835695,-0.237699791308926,2472.97819835695,-0.730210715212945,2882.75656324582,-0.617340787547508,2478.02680244182,-1.42908498634309,2474.66106638524,-1.27277858101925,2854.98924077902,-1.87740432237589,2661.45941752555,-1.82158993510732,,,,,2809.7621625187,-1.71936482391089,2500.32480381668,-1.532125998335,2501.34654511957,-1.90231213678007,2652.62436037702,-2.35926880585907
2491.48974666815,-0.24528917956911,2491.48974666815,-0.730244806462137,2909.68245169848,-0.597262591375715,2496.53835075302,-1.43478555035052,2493.17261469644,-1.26077141765718,2874.97329861498,-1.85810691050851,2679.33989032614,-1.81327071941222,,,,,2829.53586185112,-1.70284451447294,2525.14710723397,-1.51912701910542,2526.82997526226,-1.88260940739126,2666.17144800476,-2.34961943273552
2510.00129497935,-0.253350773892481,2510.00129497935,-0.730278897711328,2936.60834015114,-0.578969924380347,2515.04989906423,-1.44166662951593,2511.68416300764,-1.24923646035829,2894.11592243679,-1.84223472220577,2698.48251414795,-1.80489480236257,,,,,2848.67848567293,-1.68794625117553,2549.96941065127,-1.50624609139164,2544.78056756403,-1.87466847772987,2690.90960802064,-2.33356276428658
2528.51284329055,-0.261648471247445,2528.51284329055,-0.729132473802553,2960.16849254721,-0.564458545107848,2533.56144737543,-1.44831160564974,2530.19571131885,-1.23722929699621,2913.2585462586,-1.82571325056614,2717.16234926198,-1.78788251371199,,,,,2866.55895847352,-1.6749935134854,2565.29553019463,-1.5006162757824,2563.85307188467,-1.86239746377591,2714.89047742379,-2.31847862620096
2547.02439160176,-0.270182271634002,2547.02439160176,-0.726333328672623,2987.09438099987,-0.546328198946702,2552.07299568663,-1.45542878784673,2548.70725963005,-1.22593044272892,2932.40117008041,-1.81016570393184,2735.50561077036,-1.78164379903182,,,,,2885.70158229533,-1.6610691751933,2589.09609230903,-1.48996801295777,2584.2578467277,-1.85076567476321,2732.13987471377,-2.30903675890411
2565.53593991296,-0.279896587178527,2565.53593991296,-0.725186904763847,,,2570.58454399783,-1.46325427913851,2567.21880794125,-1.21463158846162,2951.39353782827,-1.79554542820697,2754.01715908156,-1.77022684230956,,,,,2904.84420611714,-1.64779412023809,2605.68436287362,-1.48510785660455,2600.03473449292,-1.84270709686665,2756.96217813107,-2.29485726451656
2584.04748822416,-0.289138696659865,2584.04748822416,-0.725220996013039,,,2589.09609230903,-1.47107977043029,2585.73035625245,-1.20380494025751,2967.46092066981,-1.78512464833223,2774.31868352641,-1.76233903825523,,,,,2923.5060105023,-1.63595587861326,2629.48492498802,-1.47752893319064,2621.07058484656,-1.83832603911028,2770.50926575881,-2.2874803830721
2602.55903653536,-0.29885301220439,2602.55903653536,-0.724074572104264,,,2606.93449340892,-1.47765267597283,2604.24190456365,-1.19368660114819,2992.98441909889,-1.76274973503306,2791.97518238634,-1.75141107648858,,,,,2942.49837825016,-1.62546318981572,2654.30722840531,-1.47137694187727,2638.74069914362,-1.83611565289627,2795.24742577469,-2.27531941464446
2621.07058484656,-0.308803430780508,2621.07058484656,-0.722455942132301,,,2626.11918893144,-1.48932788636137,2622.75345287485,-1.18285995294408,,,2809.55180401516,-1.74595536215647,,,,,2961.64100207197,-1.61413598487115,2669.63334794868,-1.46852976914038,2661.45941752555,-1.82158993510732,2819.22829517784,-2.26283240990636
2639.58213315777,-0.319462158451407,2639.58213315777,-0.720129003065558,,,2644.63073724264,-1.49762558371633,2641.26500118606,-1.17274161383475,,,2830.25108076314,-1.74099987778369,,,,,2980.15255038317,-1.60410618439867,2693.43391006308,-1.46513324228612,2679.33989032614,-1.81327071941222,2835.63625845367,-2.25565558211057
2658.09368146897,-0.3303569891539,2658.09368146897,-0.72016309431475,,,2663.14228555384,-1.50710379622927,2659.77654949726,-1.16285937775701,,,2847.41633465171,-1.73483381055956,,,,,2990.46011705645,-1.59860625866256,2710.02218062766,-1.46118376905477,2698.48251414795,-1.80489480236257,2862.44194204717,-2.24357262508692
2676.60522978017,-0.341015716824798,2676.60522978017,-0.718308361311194,,,2681.65383386504,-1.5165820087422,2678.28809780846,-1.15368545077406,,,2870.13505303364,-1.73071228995408,,,,,,,2733.82274274206,-1.46048556256158,2732.82064656988,-1.79821343998173,2874.84708351286,-2.23832700014633
2695.11677809137,-0.352618856622072,2695.11677809137,-0.716925834370825,,,2700.16538217624,-1.52629632428672,2696.79964611966,-1.1447476268227,,,2887.17409182009,-1.72543046930421,,,,,,,2758.8253534481,-1.46016058883552,2754.01715908156,-1.78956385888415,2899.58524352873,-2.22876316506621
2713.62832640257,-0.364458099450938,2713.62832640257,-0.715071101367269,,,2718.67693048745,-1.53695505195762,2715.31119443086,-1.13580980287134,,,2907.60691446359,-1.7197630555543,,,,,,,2773.97116570272,-1.46018848167576,2772.52870739276,-1.78443518931208,2923.74642022063,-2.21845622930241
2732.13987471377,-0.376769548342991,2732.13987471377,-0.714869089584867,,,2737.18847879865,-1.54761377962852,2733.82274274206,-1.12710808195157,,,2924.65997715027,-1.71864956487972,,,,,,,2799.45459584542,-1.46060643153599,2791.97518238634,-1.7845602477593,2939.97407620772,-2.21377417255787
2750.65142302497,-0.389080997235044,2750.65142302497,-0.71159773839175,,,2755.70002710985,-1.55827250729942,2752.33429105327,-1.11935077315818,,,2944.18124627845,-1.71669059785212,,,,,,,2815.44184211418,-1.46063587397847,2809.55180401516,-1.78186696436642,2964.13525289961,-2.20517392442245
2769.16297133618,-0.401864652190285,2769.16297133618,-0.709979108419788,,,2774.21157542105,-1.5696395440651,2770.84583936447,-1.11017684617522,,,2963.32387010026,-1.71347943461858,,,,,,,2838.16056049611,-1.4620943314284,2830.25108076314,-1.77967391093286,2978.11908484898,-2.20025275667384
2787.67451964738,-0.414412204113932,2787.67451964738,-0.71001319966898,,,2792.72312373225,-1.58124268386237,2789.35738767567,-1.10241953738183,,,2982.64680121081,-1.71286573679019,,,,,,,2862.9828639134,-1.46591769319986,2847.41633465171,-1.77903270558718,2996.35015515547,-2.19595777580974
2806.18606795858,-0.427668065132359,2806.18606795858,-0.707686260602237,,,2811.23467204345,-1.59284582365964,2807.86893598687,-1.09537053768322,,,2991.3015510706,-1.71288167555605,,,,,,,2878.30898345677,-1.46742999429632,2870.13505303364,-1.77214875404248,,
2824.69761626978,-0.440923926150786,2824.69761626978,-0.706067630630274,,,2829.74622035465,-1.6051572725517,2826.38048429807,-1.08808543495301,,,,,,,,,,,2902.10954557117,-1.47236453155686,2887.17409182009,-1.77239179527106,,
2843.20916458098,-0.454888096263994,2843.20916458098,-0.704921206721499,,,2848.25776866586,-1.61746872144375,2844.89203260927,-1.08127253828599,,,,,,,,,,,2918.69781613575,-1.47603781334553,2907.60691446359,-1.77224924339961,,
2861.72071289219,-0.468616163345608,2861.72071289219,-0.70424698887591,,,2866.76931697706,-1.6300162733674,2863.40358092048,-1.07398743555579,,,,,,,,,,,2941.65694423601,-1.48190509442885,2925.51670996467,-1.77096807239004,,
2880.23226120339,-0.482816436490409,2880.23226120339,-0.702392255872354,,,2885.28086528826,-1.64256382529104,2881.91512923168,-1.06741064192036,,,,,,,,,,,2967.32068166745,-1.488834760668,2943.29031614582,-1.76878316057337,,
2898.74380951459,-0.497016709635211,2898.74380951459,-0.700065316805611,,,2910.52388571263,-1.66055414375923,2900.42667754288,-1.06130605434812,,,,,,,,,,,2980.86776929519,-1.49314497928742,2962.69279458965,-1.77420412496025,,
2917.25535782579,-0.511216982780012,2917.25535782579,-0.69986330502321,,,2929.03543402383,-1.67333779871447,2918.93822585408,-1.05567367283907,,,,,,,,,,,,,2979.31111636902,-1.76999652736981,,
2935.76690613699,-0.525889461988,2935.76690613699,-0.698480778082841,,,2947.54698233503,-1.6863575567013,2937.44977416528,-1.04956908526683,,,,,,,,,,,,,2991.3015510706,-1.77001860920167,,
2954.27845444819,-0.540561941195988,2954.27845444819,-0.697098251142472,,,2966.05853064623,-1.69937731468814,2955.96132247648,-1.04346449769459,,,,,,,,,,,,,,,,
2972.7900027594,-0.55547052343557,2972.7900027594,-0.694771312075729,,,2984.57007895743,-1.71546641208569,2974.47287078769,-1.03783211618554,,,,,,,,,,,,,,,,
2989.61868304231,-0.569562762695191,2989.61868304231,-0.694802304120449,,,2995.50872114132,-1.72197939028358,2990.46011705645,-1.03372975557514,,,,,,,,,,,,,,,,
